TIME,FM1,,PE1,,PE2,,PE3,,PE4,,TP1,,TP2,,EPOCH,,,,,
2020-07-05 21:00:00+00:00,0.29184058,291841,0.9442119,944212,0.9698446,969845,0.9098173,909817,0.75287855,752879,0.12870277,128703,0.72959197,729592,1593982800,0,"{'FM1':0.29184058,'PE1':0.9442119,'PE2':0.9698446,'PE3':0.9098173,'PE4':0.75287855,'TP1':0.12870277,'TP2':0.72959197},","{'FM1':42(0),'PE1':42(1),'PE2':42(2),'PE3':42(3),'PE4':42(4),'TP1':42(5),'TP2':42(6)},","[291841,944212,969845,909817,752879,128703,729592],","0.29184058,0.9442119,0.9698446,0.9098173,0.75287855,0.12870277,0.72959197,"
2020-07-05 21:30:00+00:00,0.29038382,-1457,0.94797057,3759,0.97145903,1614,0.91357595,3759,0.75374126,863,0.11757235,-11130,0.72390527,-5687,1593984600,7,"{'FM1':0.29038382,'PE1':0.94797057,'PE2':0.97145903,'PE3':0.91357595,'PE4':0.75374126,'TP1':0.11757235,'TP2':0.72390527},","{'FM1':42(7),'PE1':42(8),'PE2':42(9),'PE3':42(10),'PE4':42(11),'TP1':42(12),'TP2':42(13)},","[-1457,3759,1614,3759,863,-11130,-5687],","0.29038382,0.94797057,0.97145903,0.91357595,0.75374126,0.11757235,0.72390527,"
2020-07-05 22:00:00+00:00,0.27945802,-10926,0.9441379,-3833,0.9689942,-2465,0.91251606,-1060,0.7531867,-555,0.11124238,-6330,0.72067124,-3234,1593986400,14,"{'FM1':0.27945802,'PE1':0.9441379,'PE2':0.9689942,'PE3':0.91251606,'PE4':0.7531867,'TP1':0.11124238,'TP2':0.72067124},","{'FM1':42(14),'PE1':42(15),'PE2':42(16),'PE3':42(17),'PE4':42(18),'TP1':42(19),'TP2':42(20)},","[-10926,-3833,-2465,-1060,-555,-6330,-3234],","0.27945802,0.9441379,0.9689942,0.91251606,0.7531867,0.11124238,0.72067124,"
2020-07-05 22:30:00+00:00,0.28892702,9469,0.9503366,6199,0.9762528,7259,0.9159912,3475,0.7566987,3512,0.102464244,-8778,0.71618634,-4485,1593988200,21,"{'FM1':0.28892702,'PE1':0.9503366,'PE2':0.9762528,'PE3':0.9159912,'PE4':0.7566987,'TP1':0.102464244,'TP2':0.71618634},","{'FM1':42(21),'PE1':42(22),'PE2':42(23),'PE3':42(24),'PE4':42(25),'TP1':42(26),'TP2':42(27)},","[9469,6199,7259,3475,3512,-8778,-4485],","0.28892702,0.9503366,0.9762528,0.9159912,0.7566987,0.102464244,0.71618634,"
2020-07-05 23:00:00+00:00,0.29961005,10683,0.9502257,-111,0.97574747,-505,0.9161884,197,0.75656325,-135,0.093201205,-9263,0.71145374,-4733,1593990000,28,"{'FM1':0.29961005,'PE1':0.9502257,'PE2':0.97574747,'PE3':0.9161884,'PE4':0.75656325,'TP1':0.093201205,'TP2':0.71145374},","{'FM1':42(28),'PE1':42(29),'PE2':42(30),'PE3':42(31),'PE4':42(32),'TP1':42(33),'TP2':42(34)},","[10683,-111,-505,197,-135,-9263,-4733],","0.29961005,0.9502257,0.97574747,0.9161884,0.75656325,0.093201205,0.71145374,"
2020-07-05 23:30:00+00:00,0.2963323,-3278,0.94583863,-4387,0.97476155,-986,0.91490686,-1282,0.7560704,-493,0.09090909,-2292,0.7102827,-1171,1593991800,35,"{'FM1':0.2963323,'PE1':0.94583863,'PE2':0.97476155,'PE3':0.91490686,'PE4':0.7560704,'TP1':0.09090909,'TP2':0.7102827},","{'FM1':42(35),'PE1':42(36),'PE2':42(37),'PE3':42(38),'PE4':42(39),'TP1':42(40),'TP2':42(41)},","[-3278,-4387,-986,-1282,-493,-2292,-1171],","0.2963323,0.94583863,0.97476155,0.91490686,0.7560704,0.09090909,0.7102827,"
2020-07-06 00:00:00+00:00,0.2741165,-22216,0.9464547,616,0.97091264,-3849,0.9119636,-2943,0.7520776,-3993,0.091887996,979,0.6182328,-92050,1593993600,42,"{'FM1':0.2741165,'PE1':0.9464547,'PE2':0.97091264,'PE3':0.9119636,'PE4':0.7520776,'TP1':0.091887996,'TP2':0.6182328},","{'FM1':42(42),'PE1':42(43),'PE2':42(44),'PE3':42(45),'PE4':42(46),'TP1':42(47),'TP2':42(48)},","[-22216,616,-3849,-2943,-3993,979,-92050],","0.2741165,0.9464547,0.97091264,0.9119636,0.7520776,0.091887996,0.6182328,"
2020-07-06 00:30:00+00:00,0.2799436,5827,0.94694775,493,0.97242016,1508,0.9111111,-853,0.7512149,-863,0.08630336,-5585,0.6755297,57297,1593995400,49,"{'FM1':0.2799436,'PE1':0.94694775,'PE2':0.97242016,'PE3':0.9111111,'PE4':0.7512149,'TP1':0.08630336,'TP2':0.6755297},","{'FM1':42(49),'PE1':42(50),'PE2':42(51),'PE3':42(52),'PE4':42(53),'TP1':42(54),'TP2':42(55)},","[5827,493,1508,-853,-863,-5585,57297],","0.2799436,0.94694775,0.97242016,0.9111111,0.7512149,0.08630336,0.6755297,"
2020-07-06 01:00:00+00:00,0.2957051,15762,0.9515074,4560,0.9768566,4436,0.9143769,3266,0.75538015,4165,0.08063689,-5666,0.6923239,16794,1593997200,56,"{'FM1':0.2957051,'PE1':0.9515074,'PE2':0.9768566,'PE3':0.9143769,'PE4':0.75538015,'TP1':0.08063689,'TP2':0.6923239},","{'FM1':42(56),'PE1':42(57),'PE2':42(58),'PE3':42(59),'PE4':42(60),'TP1':42(61),'TP2':42(62)},","[15762,4560,4436,3266,4165,-5666,16794],","0.2957051,0.9515074,0.9768566,0.9143769,0.75538015,0.08063689,0.6923239,"
2020-07-06 01:30:00+00:00,0.29681793,1113,0.9487653,-2742,0.9740469,-2810,0.9163979,2021,0.7572041,1824,0.086418934,5782,0.6935175,1194,1593999000,63,"{'FM1':0.29681793,'PE1':0.9487653,'PE2':0.9740469,'PE3':0.9163979,'PE4':0.7572041,'TP1':0.086418934,'TP2':0.6935175},","{'FM1':42(63),'PE1':42(64),'PE2':42(65),'PE3':42(66),'PE4':42(67),'TP1':42(68),'TP2':42(69)},","[1113,-2742,-2810,2021,1824,5782,1194],","0.29681793,0.9487653,0.9740469,0.9163979,0.7572041,0.086418934,0.6935175,"
2020-07-06 02:00:00+00:00,0.27824405,-18574,0.9450006,-3765,0.9707771,-3270,0.91036975,-6028,0.7507959,-6408,0.09123013,4811,0.6279574,-65560,1594000800,70,"{'FM1':0.27824405,'PE1':0.9450006,'PE2':0.9707771,'PE3':0.91036975,'PE4':0.7507959,'TP1':0.09123013,'TP2':0.6279574},","{'FM1':42(70),'PE1':42(71),'PE2':42(72),'PE3':42(73),'PE4':42(74),'TP1':42(75),'TP2':42(76)},","[-18574,-3765,-3270,-6028,-6408,4811,-65560],","0.27824405,0.9450006,0.9707771,0.91036975,0.7507959,0.09123013,0.6279574,"
2020-07-06 02:30:00+00:00,0.28504232,6798,0.94399005,-1011,0.9695056,-1271,0.9096941,-676,0.7503522,-444,0.076149076,-15081,0.6413858,13428,1594002600,77,"{'FM1':0.28504232,'PE1':0.94399005,'PE2':0.9695056,'PE3':0.9096941,'PE4':0.7503522,'TP1':0.076149076,'TP2':0.6413858},","{'FM1':42(77),'PE1':42(78),'PE2':42(79),'PE3':42(80),'PE4':42(81),'TP1':42(82),'TP2':42(83)},","[6798,-1011,-1271,-676,-444,-15081,13428],","0.28504232,0.94399005,0.9695056,0.9096941,0.7503522,0.076149076,0.6413858,"
2020-07-06 03:00:00+00:00,0.29354015,8498,0.9430411,-949,0.96453315,-4972,0.90844923,-1245,0.7478382,-2514,0.05949766,-16651,0.6915952,50209,1594004400,84,"{'FM1':0.29354015,'PE1':0.9430411,'PE2':0.96453315,'PE3':0.90844923,'PE4':0.7478382,'TP1':0.05949766,'TP2':0.6915952},","{'FM1':42(84),'PE1':42(85),'PE2':42(86),'PE3':42(87),'PE4':42(88),'TP1':42(89),'TP2':42(90)},","[8498,-949,-4972,-1245,-2514,-16651,50209],","0.29354015,0.9430411,0.96453315,0.90844923,0.7478382,0.05949766,0.6915952,"
2020-07-06 03:30:00+00:00,0.27628142,-17259,0.948562,5521,0.9744411,9908,0.91252834,4079,0.75151056,3672,0.050911643,-8586,0.6093983,-82197,1594006100,91,"{'FM1':0.27628142,'PE1':0.948562,'PE2':0.9744411,'PE3':0.91252834,'PE4':0.75151056,'TP1':0.050911643,'TP2':0.6093983},","{'FM1':42(91),'PE1':42(92),'PE2':42(93),'PE3':42(94),'PE4':42(95),'TP1':42(96),'TP2':42(97)},","[-17259,5521,9908,4079,3672,-8586,-82197],","0.27628142,0.948562,0.9744411,0.91252834,0.75151056,0.050911643,0.6093983,"
2020-07-06 04:00:00+00:00,0.27581608,-465,0.9439757,-4586,0.9686615,-5780,0.90822953,-4299,0.7481361,-3374,0.046438996,-4473,0.67206913,62671,1594008000,98,"{'FM1':0.27581608,'PE1':0.9439757,'PE2':0.9686615,'PE3':0.90822953,'PE4':0.7481361,'TP1':0.046438996,'TP2':0.67206913},","{'FM1':42(98),'PE1':42(99),'PE2':42(100),'PE3':42(101),'PE4':42(102),'TP1':42(103),'TP2':42(104)},","[-465,-4586,-5780,-4299,-3374,-4473,62671],","0.27581608,0.9439757,0.9686615,0.90822953,0.7481361,0.046438996,0.67206913,"
2020-07-06 04:30:00+00:00,0.28751075,11695,0.9456043,1629,0.9686821,21,0.9115055,3276,0.7502536,2117,0.039964244,-6475,0.63387734,-38192,1594009900,105,"{'FM1':0.28751075,'PE1':0.9456043,'PE2':0.9686821,'PE3':0.9115055,'PE4':0.7502536,'TP1':0.039964244,'TP2':0.63387734},","{'FM1':42(105),'PE1':42(106),'PE2':42(107),'PE3':42(108),'PE4':42(109),'TP1':42(110),'TP2':42(111)},","[11695,1629,21,3276,2117,-6475,-38192],","0.28751075,0.9456043,0.9686821,0.9115055,0.7502536,0.039964244,0.63387734,"
2020-07-06 05:00:00+00:00,0.28759167,81,0.94290763,-2697,0.96519864,-3483,0.9088437,-2662,0.7491979,-1056,0.04917821,9214,0.64506495,11188,1594011600,112,"{'FM1':0.28759167,'PE1':0.94290763,'PE2':0.96519864,'PE3':0.9088437,'PE4':0.7491979,'TP1':0.04917821,'TP2':0.64506495},","{'FM1':42(112),'PE1':42(113),'PE2':42(114),'PE3':42(115),'PE4':42(116),'TP1':42(117),'TP2':42(118)},","[81,-2697,-3483,-2662,-1056,9214,11188],","0.28759167,0.94290763,0.96519864,0.9088437,0.7491979,0.04917821,0.64506495,"
2020-07-06 05:30:00+00:00,0.27798098,-9611,0.94166094,-1247,0.9661126,914,0.9081824,-661,0.7467374,-2460,0.06662646,17448,0.68261576,37551,1594013400,119,"{'FM1':0.27798098,'PE1':0.94166094,'PE2':0.9661126,'PE3':0.9081824,'PE4':0.7467374,'TP1':0.06662646,'TP2':0.68261576},","{'FM1':42(119),'PE1':42(120),'PE2':42(121),'PE3':42(122),'PE4':42(123),'TP1':42(124),'TP2':42(125)},","[-9611,-1247,914,-661,-2460,17448,37551],","0.27798098,0.94166094,0.9661126,0.9081824,0.7467374,0.06662646,0.68261576,"
2020-07-06 06:00:00+00:00,0.2908694,12888,0.9429425,1282,0.9674538,1341,0.9079729,-209,0.7475034,766,0.069075584,2449,0.66884273,-13773,1594015200,126,"{'FM1':0.2908694,'PE1':0.9429425,'PE2':0.9674538,'PE3':0.9079729,'PE4':0.7475034,'TP1':0.069075584,'TP2':0.66884273},","{'FM1':42(126),'PE1':42(127),'PE2':42(128),'PE3':42(129),'PE4':42(130),'TP1':42(131),'TP2':42(132)},","[12888,1282,1341,-209,766,2449,-13773],","0.2908694,0.9429425,0.9674538,0.9079729,0.7475034,0.069075584,0.66884273,"
2020-07-06 06:30:00+00:00,0.30640832,15539,0.9414883,-1454,0.9662091,-1245,0.90798306,10,0.7481709,667,0.08050303,11427,0.68826616,19423,1594017000,133,"{'FM1':0.30640832,'PE1':0.9414883,'PE2':0.9662091,'PE3':0.90798306,'PE4':0.7481709,'TP1':0.08050303,'TP2':0.68826616},","{'FM1':42(133),'PE1':42(134),'PE2':42(135),'PE3':42(136),'PE4':42(137),'TP1':42(138),'TP2':42(139)},","[15539,-1454,-1245,10,667,11427,19423],","0.30640832,0.9414883,0.9662091,0.90798306,0.7481709,0.08050303,0.68826616,"
2020-07-06 07:00:00+00:00,0.2973035,-9105,0.9405888,-899,0.9635145,-2695,0.90676516,-1218,0.7458522,-2319,0.10884831,28345,0.6804265,-7840,1594018800,140,"{'FM1':0.2973035,'PE1':0.9405888,'PE2':0.9635145,'PE3':0.90676516,'PE4':0.7458522,'TP1':0.10884831,'TP2':0.6804265},","{'FM1':42(140),'PE1':42(141),'PE2':42(142),'PE3':42(143),'PE4':42(144),'TP1':42(145),'TP2':42(146)},","[-9105,-899,-2695,-1218,-2319,28345,-7840],","0.2973035,0.9405888,0.9635145,0.90676516,0.7458522,0.10884831,0.6804265,"
2020-07-06 07:30:00+00:00,0.27496627,-22337,0.940404,-185,0.96219176,-1323,0.90722525,460,0.7459158,64,0.16023359,51385,0.7160186,35592,1594020600,147,"{'FM1':0.27496627,'PE1':0.940404,'PE2':0.96219176,'PE3':0.90722525,'PE4':0.7459158,'TP1':0.16023359,'TP2':0.7160186},","{'FM1':42(147),'PE1':42(148),'PE2':42(149),'PE3':42(150),'PE4':42(151),'TP1':42(152),'TP2':42(153)},","[-22337,-185,-1323,460,64,51385,35592],","0.27496627,0.940404,0.96219176,0.90722525,0.7459158,0.16023359,0.7160186,"
2020-07-06 08:00:00+00:00,0.277111,2145,0.93941814,-986,0.9650631,2871,0.9067856,-440,0.7450204,-895,0.20280214,42569,0.7160555,37,1594022400,154,"{'FM1':0.277111,'PE1':0.93941814,'PE2':0.9650631,'PE3':0.9067856,'PE4':0.7450204,'TP1':0.20280214,'TP2':0.7160555},","{'FM1':42(154),'PE1':42(155),'PE2':42(156),'PE3':42(157),'PE4':42(158),'TP1':42(159),'TP2':42(160)},","[2145,-986,2871,-440,-895,42569,37],","0.277111,0.93941814,0.9650631,0.9067856,0.7450204,0.20280214,0.7160555,"
2020-07-06 08:30:00+00:00,0.2816027,4492,0.9411064,1688,0.96464825,-415,0.9069705,185,0.7438331,-1187,0.2253039,22502,0.73016024,14105,1594024200,161,"{'FM1':0.2816027,'PE1':0.9411064,'PE2':0.96464825,'PE3':0.9069705,'PE4':0.7438331,'TP1':0.2253039,'TP2':0.73016024},","{'FM1':42(161),'PE1':42(162),'PE2':42(163),'PE3':42(164),'PE4':42(165),'TP1':42(166),'TP2':42(167)},","[4492,1688,-415,185,-1187,22502,14105],","0.2816027,0.9411064,0.96464825,0.9069705,0.7438331,0.2253039,0.73016024,"
2020-07-06 09:00:00+00:00,0.29402575,12423,0.94145143,345,0.9660244,1376,0.90683496,-136,0.7459035,2070,0.25827798,32974,0.7792622,49102,1594026000,168,"{'FM1':0.29402575,'PE1':0.94145143,'PE2':0.9660244,'PE3':0.90683496,'PE4':0.7459035,'TP1':0.25827798,'TP2':0.7792622},","{'FM1':42(168),'PE1':42(169),'PE2':42(170),'PE3':42(171),'PE4':42(172),'TP1':42(173),'TP2':42(174)},","[12423,345,1376,-136,2070,32974,49102],","0.29402575,0.94145143,0.9660244,0.90683496,0.7459035,0.25827798,0.7792622,"
2020-07-06 09:30:00+00:00,0.28722748,-6798,0.9395536,-1898,0.9639171,-2107,0.9064283,-407,0.74352497,-2379,0.3020726,43795,0.78561157,6349,1594027800,175,"{'FM1':0.28722748,'PE1':0.9395536,'PE2':0.9639171,'PE3':0.9064283,'PE4':0.74352497,'TP1':0.3020726,'TP2':0.78561157},","{'FM1':42(175),'PE1':42(176),'PE2':42(177),'PE3':42(178),'PE4':42(179),'TP1':42(180),'TP2':42(181)},","[-6798,-1898,-2107,-407,-2379,43795,6349],","0.28722748,0.9395536,0.9639171,0.9064283,0.74352497,0.3020726,0.78561157,"
2020-07-06 10:00:00+00:00,0.2705757,-16652,0.93109983,-8454,0.95367014,-10247,0.9176796,11251,0.81247455,68950,0.37212718,70055,0.8278941,42283,1594029600,182,"{'FM1':0.2705757,'PE1':0.93109983,'PE2':0.95367014,'PE3':0.9176796,'PE4':0.81247455,'TP1':0.37212718,'TP2':0.8278941},","{'FM1':42(182),'PE1':42(183),'PE2':42(184),'PE3':42(185),'PE4':42(186),'TP1':42(187),'TP2':42(188)},","[-16652,-8454,-10247,11251,68950,70055,42283],","0.2705757,0.93109983,0.95367014,0.9176796,0.81247455,0.37212718,0.8278941,"
2020-07-06 10:30:00+00:00,0.27921522,8640,0.9252462,-5854,0.9455182,-8152,0.9180657,386,0.8250404,12566,0.42029494,48168,0.8422674,14373,1594031400,189,"{'FM1':0.27921522,'PE1':0.9252462,'PE2':0.9455182,'PE3':0.9180657,'PE4':0.8250404,'TP1':0.42029494,'TP2':0.8422674},","{'FM1':42(189),'PE1':42(190),'PE2':42(191),'PE3':42(192),'PE4':42(193),'TP1':42(194),'TP2':42(195)},","[8640,-5854,-8152,386,12566,48168,14373],","0.27921522,0.9252462,0.9455182,0.9180657,0.8250404,0.42029494,0.8422674,"
2020-07-06 11:00:00+00:00,0.27751562,-1700,0.9247779,-468,0.9515566,6038,0.92196804,3902,0.8276426,2602,0.47663072,56336,0.8659858,23718,1594033200,196,"{'FM1':0.27751562,'PE1':0.9247779,'PE2':0.9515566,'PE3':0.92196804,'PE4':0.8276426,'TP1':0.47663072,'TP2':0.8659858},","{'FM1':42(196),'PE1':42(197),'PE2':42(198),'PE3':42(199),'PE4':42(200),'TP1':42(201),'TP2':42(202)},","[-1700,-468,6038,3902,2602,56336,23718],","0.27751562,0.9247779,0.9515566,0.92196804,0.8276426,0.47663072,0.8659858,"
2020-07-06 11:30:00+00:00,0.26792517,-9590,0.927908,3130,0.9525179,961,0.92377764,1810,0.8283348,692,0.5007618,24131,0.9171518,51166,1594035000,203,"{'FM1':0.26792517,'PE1':0.927908,'PE2':0.9525179,'PE3':0.92377764,'PE4':0.8283348,'TP1':0.5007618,'TP2':0.9171518},","{'FM1':42(203),'PE1':42(204),'PE2':42(205),'PE3':42(206),'PE4':42(207),'TP1':42(208),'TP2':42(209)},","[-9590,3130,961,1810,692,24131,51166],","0.26792517,0.927908,0.9525179,0.92377764,0.8283348,0.5007618,0.9171518,"
2020-07-06 12:00:00+00:00,0.27897242,11047,0.9239501,-3958,0.9500779,-2440,0.9197006,-4077,0.8266834,-1651,0.49074313,-10019,0.879516,-37636,1594036700,210,"{'FM1':0.27897242,'PE1':0.9239501,'PE2':0.9500779,'PE3':0.9197006,'PE4':0.8266834,'TP1':0.49074313,'TP2':0.879516},","{'FM1':42(210),'PE1':42(211),'PE2':42(212),'PE3':42(213),'PE4':42(214),'TP1':42(215),'TP2':42(216)},","[11047,-3958,-2440,-4077,-1651,-10019,-37636],","0.27897242,0.9239501,0.9500779,0.9197006,0.8266834,0.49074313,0.879516,"
2020-07-06 12:30:00+00:00,0.27703005,-1942,0.9276964,3746,0.95103896,961,0.92396444,4264,0.8279816,1298,0.50763893,16896,0.89518213,15666,1594038700,217,"{'FM1':0.27703005,'PE1':0.9276964,'PE2':0.95103896,'PE3':0.92396444,'PE4':0.8279816,'TP1':0.50763893,'TP2':0.89518213},","{'FM1':42(217),'PE1':42(218),'PE2':42(219),'PE3':42(220),'PE4':42(221),'TP1':42(222),'TP2':42(223)},","[-1942,3746,961,4264,1298,16896,15666],","0.27703005,0.9276964,0.95103896,0.92396444,0.8279816,0.50763893,0.89518213,"
2020-07-06 13:00:00+00:00,0.27096015,-6070,0.9278382,142,0.9535797,2541,0.92193115,-2033,0.8254019,-2580,0.5449438,37305,0.9046481,9466,1594040400,224,"{'FM1':0.27096015,'PE1':0.9278382,'PE2':0.9535797,'PE3':0.92193115,'PE4':0.8254019,'TP1':0.5449438,'TP2':0.9046481},","{'FM1':42(224),'PE1':42(225),'PE2':42(226),'PE3':42(227),'PE4':42(228),'TP1':42(229),'TP2':42(230)},","[-6070,142,2541,-2033,-2580,37305,9466],","0.27096015,0.9278382,0.9535797,0.92193115,0.8254019,0.5449438,0.9046481,"
2020-07-06 13:30:00+00:00,0.2888056,17845,0.93045896,2621,0.9540213,442,0.92401177,2081,0.8292838,3882,0.55791575,12972,0.90874684,4099,1594042200,231,"{'FM1':0.2888056,'PE1':0.93045896,'PE2':0.9540213,'PE3':0.92401177,'PE4':0.8292838,'TP1':0.55791575,'TP2':0.90874684},","{'FM1':42(231),'PE1':42(232),'PE2':42(233),'PE3':42(234),'PE4':42(235),'TP1':42(236),'TP2':42(237)},","[17845,2621,442,2081,3882,12972,4099],","0.2888056,0.93045896,0.9540213,0.92401177,0.8292838,0.55791575,0.90874684,"
2020-07-06 14:00:00+00:00,0.2783654,-10440,0.92614573,-4313,0.9524912,-1530,0.924938,926,0.8277925,-1491,0.5771408,19225,0.8999937,-8753,1594044000,238,"{'FM1':0.2783654,'PE1':0.92614573,'PE2':0.9524912,'PE3':0.924938,'PE4':0.8277925,'TP1':0.5771408,'TP2':0.8999937},","{'FM1':42(238),'PE1':42(239),'PE2':42(240),'PE3':42(241),'PE4':42(242),'TP1':42(243),'TP2':42(244)},","[-10440,-4313,-1530,926,-1491,19225,-8753],","0.2783654,0.92614573,0.9524912,0.924938,0.8277925,0.5771408,0.8999937,"
2020-07-06 14:30:00+00:00,0.27002943,-8336,0.9285241,2378,0.9504352,-2056,0.92253494,-2403,0.82582283,-1970,0.62831974,51179,0.9557816,55788,1594045800,245,"{'FM1':0.27002943,'PE1':0.9285241,'PE2':0.9504352,'PE3':0.92253494,'PE4':0.82582283,'TP1':0.62831974,'TP2':0.9557816},","{'FM1':42(245),'PE1':42(246),'PE2':42(247),'PE3':42(248),'PE4':42(249),'TP1':42(250),'TP2':42(251)},","[-8336,2378,-2056,-2403,-1970,51179,55788],","0.27002943,0.9285241,0.9504352,0.92253494,0.82582283,0.62831974,0.9557816,"
2020-07-06 15:00:00+00:00,0.28176457,11735,0.9279326,-591,0.94989294,-542,0.92174417,-791,0.826437,614,0.66796476,39645,0.95991695,4135,1594047600,252,"{'FM1':0.28176457,'PE1':0.9279326,'PE2':0.94989294,'PE3':0.92174417,'PE4':0.826437,'TP1':0.66796476,'TP2':0.95991695},","{'FM1':42(252),'PE1':42(253),'PE2':42(254),'PE3':42(255),'PE4':42(256),'TP1':42(257),'TP2':42(258)},","[11735,-591,-542,-791,614,39645,4135],","0.28176457,0.9279326,0.94989294,0.92174417,0.826437,0.66796476,0.95991695,"
2020-07-06 15:30:00+00:00,0.2746021,-7162,0.9307794,2847,0.9534667,3574,0.92508394,3340,0.8282424,1805,0.69692665,28962,0.9606057,689,1594049400,259,"{'FM1':0.2746021,'PE1':0.9307794,'PE2':0.9534667,'PE3':0.92508394,'PE4':0.8282424,'TP1':0.69692665,'TP2':0.9606057},","{'FM1':42(259),'PE1':42(260),'PE2':42(261),'PE3':42(262),'PE4':42(263),'TP1':42(264),'TP2':42(265)},","[-7162,2847,3574,3340,1805,28962,689],","0.2746021,0.9307794,0.9534667,0.92508394,0.8282424,0.69692665,0.9606057,"
2020-07-06 16:00:00+00:00,0.26288718,-11715,0.9268112,-3968,0.9525302,-937,0.9234962,-1588,0.8276693,-573,0.6960388,-888,0.9669894,6384,1594051200,266,"{'FM1':0.26288718,'PE1':0.9268112,'PE2':0.9525302,'PE3':0.9234962,'PE4':0.8276693,'TP1':0.6960388,'TP2':0.9669894},","{'FM1':42(266),'PE1':42(267),'PE2':42(268),'PE3':42(269),'PE4':42(270),'TP1':42(271),'TP2':42(272)},","[-11715,-3968,-937,-1588,-573,-888,6384],","0.26288718,0.9268112,0.9525302,0.9234962,0.8276693,0.6960388,0.9669894,"
2020-07-06 16:30:00+00:00,0.28127897,18392,0.92417395,-2637,0.9490551,-3475,0.9203721,-3124,0.824342,-3327,0.6817863,-14253,1,33011,1594053000,273,"{'FM1':0.28127897,'PE1':0.92417395,'PE2':0.9490551,'PE3':0.9203721,'PE4':0.824342,'TP1':0.6817863,'TP2':1},","{'FM1':42(273),'PE1':42(274),'PE2':42(275),'PE3':42(276),'PE4':42(277),'TP1':42(278),'TP2':42(279)},","[18392,-2637,-3475,-3124,-3327,-14253,33011],","0.28127897,0.92417395,0.9490551,0.9203721,0.824342,0.6817863,1,"
2020-07-06 17:00:00+00:00,0.27798098,-3298,0.9254803,1306,0.95302516,3970,0.9210007,629,0.8240462,-296,0.6610164,-20770,0.9937199,-6280,1594054800,280,"{'FM1':0.27798098,'PE1':0.9254803,'PE2':0.95302516,'PE3':0.9210007,'PE4':0.8240462,'TP1':0.6610164,'TP2':0.9937199},","{'FM1':42(280),'PE1':42(281),'PE2':42(282),'PE3':42(283),'PE4':42(284),'TP1':42(285),'TP2':42(286)},","[-3298,1306,3970,629,-296,-20770,-6280],","0.27798098,0.9254803,0.95302516,0.9210007,0.8240462,0.6610164,0.9937199,"
2020-07-06 17:30:00+00:00,0.2676824,-10299,0.9309293,5449,0.9535551,530,0.9256281,4627,0.8280144,3968,0.6445531,-16463,0.8950586,-98661,1594056600,287,"{'FM1':0.2676824,'PE1':0.9309293,'PE2':0.9535551,'PE3':0.9256281,'PE4':0.8280144,'TP1':0.6445531,'TP2':0.8950586},","{'FM1':42(287),'PE1':42(288),'PE2':42(289),'PE3':42(290),'PE4':42(291),'TP1':42(292),'TP2':42(293)},","[-10299,5449,530,4627,3968,-16463,-98661],","0.2676824,0.9309293,0.9535551,0.9256281,0.8280144,0.6445531,0.8950586,"
2020-07-06 18:00:00+00:00,0.26845124,769,0.9296332,-1296,0.95493335,1378,0.92558706,-41,0.82757074,-444,0.61604875,-28504,0.9520353,56977,1594058400,294,"{'FM1':0.26845124,'PE1':0.9296332,'PE2':0.95493335,'PE3':0.92558706,'PE4':0.82757074,'TP1':0.61604875,'TP2':0.9520353},","{'FM1':42(294),'PE1':42(295),'PE2':42(296),'PE3':42(297),'PE4':42(298),'TP1':42(299),'TP2':42(300)},","[769,-1296,1378,-41,-444,-28504,56977],","0.26845124,0.9296332,0.95493335,0.92558706,0.82757074,0.61604875,0.9520353,"
2020-07-06 18:30:00+00:00,0.28309992,14649,0.92792445,-1709,0.94991547,-5018,0.9228184,-2769,0.82567084,-1900,0.5662138,-49835,0.9222606,-29775,1594060200,301,"{'FM1':0.28309992,'PE1':0.92792445,'PE2':0.94991547,'PE3':0.9228184,'PE4':0.82567084,'TP1':0.5662138,'TP2':0.9222606},","{'FM1':42(301),'PE1':42(302),'PE2':42(303),'PE3':42(304),'PE4':42(305),'TP1':42(306),'TP2':42(307)},","[14649,-1709,-5018,-2769,-1900,-49835,-29775],","0.28309992,0.92792445,0.94991547,0.9228184,0.82567084,0.5662138,0.9222606,"
2020-07-06 19:00:00+00:00,0.28067195,-2428,0.9276122,-312,0.9530231,3108,0.9249176,2099,0.82871693,3046,0.50910383,-57110,0.8730863,-49174,1594062000,308,"{'FM1':0.28067195,'PE1':0.9276122,'PE2':0.9530231,'PE3':0.9249176,'PE4':0.82871693,'TP1':0.50910383,'TP2':0.8730863},","{'FM1':42(308),'PE1':42(309),'PE2':42(310),'PE3':42(311),'PE4':42(312),'TP1':42(313),'TP2':42(314)},","[-2428,-312,3108,2099,3046,-57110,-49174],","0.28067195,0.9276122,0.9530231,0.9249176,0.82871693,0.50910383,0.8730863,"
2020-07-06 19:30:00+00:00,0.27314532,-7527,0.9317405,4128,0.9575254,4502,0.92504895,131,0.8203,-8417,0.43296728,-76137,0.84459955,-28487,1594063700,315,"{'FM1':0.27314532,'PE1':0.9317405,'PE2':0.9575254,'PE3':0.92504895,'PE4':0.8203,'TP1':0.43296728,'TP2':0.84459955},","{'FM1':42(315),'PE1':42(316),'PE2':42(317),'PE3':42(318),'PE4':42(319),'TP1':42(320),'TP2':42(321)},","[-7527,4128,4502,131,-8417,-76137,-28487],","0.27314532,0.9317405,0.9575254,0.92504895,0.8203,0.43296728,0.84459955,"
2020-07-06 20:00:00+00:00,0.29111218,17967,0.93055755,-1183,0.9562539,-1271,0.9208816,-4167,0.80690026,-13400,0.39090478,-42063,0.8270224,-17577,1594065700,322,"{'FM1':0.29111218,'PE1':0.93055755,'PE2':0.9562539,'PE3':0.9208816,'PE4':0.80690026,'TP1':0.39090478,'TP2':0.8270224},","{'FM1':42(322),'PE1':42(323),'PE2':42(324),'PE3':42(325),'PE4':42(326),'TP1':42(327),'TP2':42(328)},","[17967,-1183,-1271,-4167,-13400,-42063,-17577],","0.29111218,0.93055755,0.9562539,0.9208816,0.80690026,0.39090478,0.8270224,"
2020-07-06 20:30:00+00:00,0.28164318,-9469,0.93406963,3512,0.9566708,417,0.92261916,1738,0.80906093,2161,0.35792246,-32982,0.83394355,6921,1594067500,329,"{'FM1':0.28164318,'PE1':0.93406963,'PE2':0.9566708,'PE3':0.92261916,'PE4':0.80906093,'TP1':0.35792246,'TP2':0.83394355},","{'FM1':42(329),'PE1':42(330),'PE2':42(331),'PE3':42(332),'PE4':42(333),'TP1':42(334),'TP2':42(335)},","[-9469,3512,417,1738,2161,-32982,6921],","0.28164318,0.93406963,0.9566708,0.92261916,0.80906093,0.35792246,0.83394355,"
2020-07-06 21:00:00+00:00,0.2738737,-7769,0.93917155,5102,0.96331316,6642,0.92901295,6394,0.8144832,5422,0.33219483,-25728,0.8043338,-29610,1594069200,336,"{'FM1':0.2738737,'PE1':0.93917155,'PE2':0.96331316,'PE3':0.92901295,'PE4':0.8144832,'TP1':0.33219483,'TP2':0.8043338},","{'FM1':42(336),'PE1':42(337),'PE2':42(338),'PE3':42(339),'PE4':42(340),'TP1':42(341),'TP2':42(342)},","[-7769,5102,6642,6394,5422,-25728,-29610],","0.2738737,0.93917155,0.96331316,0.92901295,0.8144832,0.33219483,0.8043338,"
2020-07-06 21:30:00+00:00,0.28471857,10845,0.9332317,-5940,0.9597907,-3522,0.9228574,-6156,0.8086173,-5866,0.2967454,-35449,0.7755739,-28760,1594071000,343,"{'FM1':0.28471857,'PE1':0.9332317,'PE2':0.9597907,'PE3':0.9228574,'PE4':0.8086173,'TP1':0.2967454,'TP2':0.7755739},","{'FM1':42(343),'PE1':42(344),'PE2':42(345),'PE3':42(346),'PE4':42(347),'TP1':42(348),'TP2':42(349)},","[10845,-5940,-3522,-6156,-5866,-35449,-28760],","0.28471857,0.9332317,0.9597907,0.9228574,0.8086173,0.2967454,0.7755739,"
2020-07-06 22:00:00+00:00,0.2935199,8801,0.9390854,5854,0.9617727,1982,0.92686045,4003,0.81251144,3894,0.27055672,-26189,0.73607916,-39495,1594072800,350,"{'FM1':0.2935199,'PE1':0.9390854,'PE2':0.9617727,'PE3':0.92686045,'PE4':0.81251144,'TP1':0.27055672,'TP2':0.73607916},","{'FM1':42(350),'PE1':42(351),'PE2':42(352),'PE3':42(353),'PE4':42(354),'TP1':42(355),'TP2':42(356)},","[8801,5854,1982,4003,3894,-26189,-39495],","0.2935199,0.9390854,0.9617727,0.92686045,0.81251144,0.27055672,0.73607916,"
2020-07-06 22:30:00+00:00,0.27787983,-15640,0.93641126,-2674,0.9613641,-409,0.92719316,333,0.8123739,-138,0.24822244,-22334,0.7432952,7216,1594074600,357,"{'FM1':0.27787983,'PE1':0.93641126,'PE2':0.9613641,'PE3':0.92719316,'PE4':0.8123739,'TP1':0.24822244,'TP2':0.7432952},","{'FM1':42(357),'PE1':42(358),'PE2':42(359),'PE3':42(360),'PE4':42(361),'TP1':42(362),'TP2':42(363)},","[-15640,-2674,-409,333,-138,-22334,7216],","0.27787983,0.93641126,0.9613641,0.92719316,0.8123739,0.24822244,0.7432952,"
2020-07-06 23:00:00+00:00,0.28212875,4249,0.9339095,-2502,0.9588767,-2487,0.92315114,-4042,0.808223,-4151,0.23037963,-17843,0.73336005,-9935,1594076400,364,"{'FM1':0.28212875,'PE1':0.9339095,'PE2':0.9588767,'PE3':0.92315114,'PE4':0.808223,'TP1':0.23037963,'TP2':0.73336005},","{'FM1':42(364),'PE1':42(365),'PE2':42(366),'PE3':42(367),'PE4':42(368),'TP1':42(369),'TP2':42(370)},","[4249,-2502,-2487,-4042,-4151,-17843,-9935],","0.28212875,0.9339095,0.9588767,0.92315114,0.808223,0.23037963,0.73336005,"
2020-07-06 23:30:00+00:00,0.29693928,14811,0.93745863,3549,0.96544504,6568,0.92800665,4856,0.81357133,5348,0.22325204,-7128,0.7249603,-8400,1594078200,371,"{'FM1':0.29693928,'PE1':0.93745863,'PE2':0.96544504,'PE3':0.92800665,'PE4':0.81357133,'TP1':0.22325204,'TP2':0.7249603},","{'FM1':42(371),'PE1':42(372),'PE2':42(373),'PE3':42(374),'PE4':42(375),'TP1':42(376),'TP2':42(377)},","[14811,3549,6568,4856,5348,-7128,-8400],","0.29693928,0.93745863,0.96544504,0.92800665,0.81357133,0.22325204,0.7249603,"
2020-07-07 00:00:00+00:00,0.27638257,-20557,0.93653446,-924,0.96083623,-4609,0.9249176,-3089,0.8103076,-3264,0.21246172,-10790,0.6983467,-26614,1594080000,378,"{'FM1':0.27638257,'PE1':0.93653446,'PE2':0.96083623,'PE3':0.9249176,'PE4':0.8103076,'TP1':0.21246172,'TP2':0.6983467},","{'FM1':42(378),'PE1':42(379),'PE2':42(380),'PE3':42(381),'PE4':42(382),'TP1':42(383),'TP2':42(384)},","[-20557,-924,-4609,-3089,-3264,-10790,-26614],","0.27638257,0.93653446,0.96083623,0.9249176,0.8103076,0.21246172,0.6983467,"
2020-07-07 00:30:00+00:00,0.27520907,-1173,0.9341436,-2391,0.9585317,-2305,0.92422336,-694,0.8101229,-185,0.21035567,-2106,0.7064012,8054,1594081800,385,"{'FM1':0.27520907,'PE1':0.9341436,'PE2':0.9585317,'PE3':0.92422336,'PE4':0.8101229,'TP1':0.21035567,'TP2':0.7064012},","{'FM1':42(385),'PE1':42(386),'PE2':42(387),'PE3':42(388),'PE4':42(389),'TP1':42(390),'TP2':42(391)},","[-1173,-2391,-2305,-694,-185,-2106,8054],","0.27520907,0.9341436,0.9585317,0.92422336,0.8101229,0.21035567,0.7064012,"
2020-07-07 01:00:00+00:00,0.29596812,20759,0.9345873,444,0.96144205,2910,0.9273658,3142,0.8126101,2487,0.2052477,-5108,0.7629917,56591,1594083600,392,"{'FM1':0.29596812,'PE1':0.9345873,'PE2':0.96144205,'PE3':0.9273658,'PE4':0.8126101,'TP1':0.2052477,'TP2':0.7629917},","{'FM1':42(392),'PE1':42(393),'PE2':42(394),'PE3':42(395),'PE4':42(396),'TP1':42(397),'TP2':42(398)},","[20759,444,2910,3142,2487,-5108,56591],","0.29596812,0.9345873,0.96144205,0.9273658,0.8126101,0.2052477,0.7629917,"
2020-07-07 01:30:00+00:00,0.28892702,-7041,0.93739694,2810,0.9614646,23,0.92797995,614,0.81252587,-84,0.1976438,-7604,0.75999296,-2999,1594085400,399,"{'FM1':0.28892702,'PE1':0.93739694,'PE2':0.9614646,'PE3':0.92797995,'PE4':0.81252587,'TP1':0.1976438,'TP2':0.75999296},","{'FM1':42(399),'PE1':42(400),'PE2':42(401),'PE3':42(402),'PE4':42(403),'TP1':42(404),'TP2':42(405)},","[-7041,2810,23,614,-84,-7604,-2999],","0.28892702,0.93739694,0.9614646,0.92797995,0.81252587,0.1976438,0.75999296,"
2020-07-07 02:00:00+00:00,0.26574,-23187,0.9322335,-5163,0.9554754,-5989,0.92280614,-5174,0.80811214,-4414,0.19086577,-6778,0.70447683,-55516,1594087200,406,"{'FM1':0.26574,'PE1':0.9322335,'PE2':0.9554754,'PE3':0.92280614,'PE4':0.80811214,'TP1':0.19086577,'TP2':0.70447683},","{'FM1':42(406),'PE1':42(407),'PE2':42(408),'PE3':42(409),'PE4':42(410),'TP1':42(411),'TP2':42(412)},","[-23187,-5163,-5989,-5174,-4414,-6778,-55516],","0.26574,0.9322335,0.9554754,0.92280614,0.80811214,0.19086577,0.70447683,"
2020-07-07 02:30:00+00:00,0.27229553,6556,0.93239367,160,0.95792794,2453,0.9225597,-246,0.8078574,-255,0.19256471,1699,0.731761,27284,1594089000,413,"{'FM1':0.27229553,'PE1':0.93239367,'PE2':0.95792794,'PE3':0.9225597,'PE4':0.8078574,'TP1':0.19256471,'TP2':0.731761},","{'FM1':42(413),'PE1':42(414),'PE2':42(415),'PE3':42(416),'PE4':42(417),'TP1':42(418),'TP2':42(419)},","[6556,160,2453,-246,-255,1699,27284],","0.27229553,0.93239367,0.95792794,0.9225597,0.8078574,0.19256471,0.731761,"
2020-07-07 03:00:00+00:00,0.28285715,10562,0.9283044,-4089,0.9553399,-2588,0.91978484,-2775,0.8026281,-5229,0.19401646,1452,0.7620923,30331,1594090800,420,"{'FM1':0.28285715,'PE1':0.9283044,'PE2':0.9553399,'PE3':0.91978484,'PE4':0.8026281,'TP1':0.19401646,'TP2':0.7620923},","{'FM1':42(420),'PE1':42(421),'PE2':42(422),'PE3':42(423),'PE4':42(424),'TP1':42(425),'TP2':42(426)},","[10562,-4089,-2588,-2775,-5229,1452,30331],","0.28285715,0.9283044,0.9553399,0.91978484,0.8026281,0.19401646,0.7620923,"
2020-07-07 03:30:00+00:00,0.29147637,8619,0.938617,10313,0.9619082,6568,0.9268729,7088,0.8111601,8532,0.19519277,1176,0.7579198,-4172,1594092500,427,"{'FM1':0.29147637,'PE1':0.938617,'PE2':0.9619082,'PE3':0.9268729,'PE4':0.8111601,'TP1':0.19519277,'TP2':0.7579198},","{'FM1':42(427),'PE1':42(428),'PE2':42(429),'PE3':42(430),'PE4':42(431),'TP1':42(432),'TP2':42(433)},","[8619,10313,6568,7088,8532,1176,-4172],","0.29147637,0.938617,0.9619082,0.9268729,0.8111601,0.19519277,0.7579198,"
2020-07-07 04:00:00+00:00,0.2583348,-33142,0.93437773,-4239,0.9594559,-2452,0.9248148,-2058,0.80796015,-3200,0.20550849,10316,0.75845134,532,1594094300,434,"{'FM1':0.2583348,'PE1':0.93437773,'PE2':0.9594559,'PE3':0.9248148,'PE4':0.80796015,'TP1':0.20550849,'TP2':0.75845134},","{'FM1':42(434),'PE1':42(435),'PE2':42(436),'PE3':42(437),'PE4':42(438),'TP1':42(439),'TP2':42(440)},","[-33142,-4239,-2452,-2058,-3200,10316,532],","0.2583348,0.93437773,0.9594559,0.9248148,0.80796015,0.20550849,0.75845134,"
2020-07-07 04:30:00+00:00,0.26658982,8255,0.9369164,2539,0.96204394,2588,0.9267003,1885,0.80859685,637,0.19701229,-8496,0.7058878,-52564,1594096300,441,"{'FM1':0.26658982,'PE1':0.9369164,'PE2':0.96204394,'PE3':0.9267003,'PE4':0.80859685,'TP1':0.19701229,'TP2':0.7058878},","{'FM1':42(441),'PE1':42(442),'PE2':42(443),'PE3':42(444),'PE4':42(445),'TP1':42(446),'TP2':42(447)},","[8255,2539,2588,1885,637,-8496,-52564],","0.26658982,0.9369164,0.96204394,0.9267003,0.80859685,0.19701229,0.7058878,"
2020-07-07 05:00:00+00:00,0.27484486,8255,0.9409832,4067,0.9657901,3746,0.9204647,-6236,0.78003937,-28557,0.1849464,-12066,0.7583275,52440,1594098000,448,"{'FM1':0.27484486,'PE1':0.9409832,'PE2':0.9657901,'PE3':0.9204647,'PE4':0.78003937,'TP1':0.1849464,'TP2':0.7583275},","{'FM1':42(448),'PE1':42(449),'PE2':42(450),'PE3':42(451),'PE4':42(452),'TP1':42(453),'TP2':42(454)},","[8255,4067,3746,-6236,-28557,-12066,52440],","0.27484486,0.9409832,0.9657901,0.9204647,0.78003937,0.1849464,0.7583275,"
2020-07-07 05:30:00+00:00,0.27338812,-1457,0.9413651,382,0.9640032,-1787,0.91875166,-1713,0.7720415,-7998,0.1605033,-24443,0.69951904,-58808,1594099800,455,"{'FM1':0.27338812,'PE1':0.9413651,'PE2':0.9640032,'PE3':0.91875166,'PE4':0.7720415,'TP1':0.1605033,'TP2':0.69951904},","{'FM1':42(455),'PE1':42(456),'PE2':42(457),'PE3':42(458),'PE4':42(459),'TP1':42(460),'TP2':42(461)},","[-1457,382,-1787,-1713,-7998,-24443,-58808],","0.27338812,0.9413651,0.9640032,0.91875166,0.7720415,0.1605033,0.69951904,"
2020-07-07 06:00:00+00:00,0.27096015,-2428,0.9370767,-4288,0.9620931,-1910,0.91675526,-1996,0.77014166,-1900,0.16348137,2978,0.71774656,18228,1594101600,462,"{'FM1':0.27096015,'PE1':0.9370767,'PE2':0.9620931,'PE3':0.91675526,'PE4':0.77014166,'TP1':0.16348137,'TP2':0.71774656},","{'FM1':42(462),'PE1':42(463),'PE2':42(464),'PE3':42(465),'PE4':42(466),'TP1':42(467),'TP2':42(468)},","[-2428,-4288,-1910,-1996,-1900,2978,18228],","0.27096015,0.9370767,0.9620931,0.91675526,0.77014166,0.16348137,0.71774656,"
2020-07-07 06:30:00+00:00,0.28929123,18331,0.94081056,3734,0.9654574,3364,0.91978693,3032,0.77444446,4303,0.18999316,26512,0.7494966,31750,1594103400,469,"{'FM1':0.28929123,'PE1':0.94081056,'PE2':0.9654574,'PE3':0.91978693,'PE4':0.77444446,'TP1':0.18999316,'TP2':0.7494966},","{'FM1':42(469),'PE1':42(470),'PE2':42(471),'PE3':42(472),'PE4':42(473),'TP1':42(474),'TP2':42(475)},","[18331,3734,3364,3032,4303,26512,31750],","0.28929123,0.94081056,0.9654574,0.91978693,0.77444446,0.18999316,0.7494966,"
2020-07-07 07:00:00+00:00,0.28977683,486,0.9371013,-3709,0.96312827,-2329,0.9175933,-2194,0.7716594,-2785,0.22682832,36835,0.7293543,-20142,1594105200,476,"{'FM1':0.28977683,'PE1':0.9371013,'PE2':0.96312827,'PE3':0.9175933,'PE4':0.7716594,'TP1':0.22682832,'TP2':0.7293543},","{'FM1':42(476),'PE1':42(477),'PE2':42(478),'PE3':42(479),'PE4':42(480),'TP1':42(481),'TP2':42(482)},","[486,-3709,-2329,-2194,-2785,36835,-20142],","0.28977683,0.9371013,0.96312827,0.9175933,0.7716594,0.22682832,0.7293543,"
2020-07-07 07:30:00+00:00,0.2671968,-22580,0.9380872,986,0.96530956,2181,0.9177207,127,0.771684,25,0.26474717,37919,0.7614324,32078,1594107000,483,"{'FM1':0.2671968,'PE1':0.9380872,'PE2':0.96530956,'PE3':0.9177207,'PE4':0.771684,'TP1':0.26474717,'TP2':0.7614324},","{'FM1':42(483),'PE1':42(484),'PE2':42(485),'PE3':42(486),'PE4':42(487),'TP1':42(488),'TP2':42(489)},","[-22580,986,2181,127,25,37919,32078],","0.2671968,0.9380872,0.96530956,0.9177207,0.771684,0.26474717,0.7614324,"
2020-07-07 08:00:00+00:00,0.26513305,-2064,0.9404307,2343,0.96570396,394,0.92124104,3520,0.7741488,2465,0.28935546,24608,0.778811,17379,1594108800,490,"{'FM1':0.26513305,'PE1':0.9404307,'PE2':0.96570396,'PE3':0.92124104,'PE4':0.7741488,'TP1':0.28935546,'TP2':0.778811},","{'FM1':42(490),'PE1':42(491),'PE2':42(492),'PE3':42(493),'PE4':42(494),'TP1':42(495),'TP2':42(496)},","[-2064,2343,394,3520,2465,24608,17379],","0.26513305,0.9404307,0.96570396,0.92124104,0.7741488,0.28935546,0.778811,"
2020-07-07 08:30:00+00:00,0.27545187,10319,0.9445446,4114,0.9688587,3155,0.9236934,2452,0.7776609,3512,0.30377093,14415,0.7699214,-8890,1594110600,497,"{'FM1':0.27545187,'PE1':0.9445446,'PE2':0.9688587,'PE3':0.9236934,'PE4':0.7776609,'TP1':0.30377093,'TP2':0.7699214},","{'FM1':42(497),'PE1':42(498),'PE2':42(499),'PE3':42(500),'PE4':42(501),'TP1':42(502),'TP2':42(503)},","[10319,4114,3155,2452,3512,14415,-8890],","0.27545187,0.9445446,0.9688587,0.9236934,0.7776609,0.30377093,0.7699214,"
2020-07-07 09:00:00+00:00,0.28577068,10319,0.9422278,-2317,0.9680577,-801,0.9199225,-3771,0.77340937,-4252,0.3090438,5273,0.741139,-28782,1594112400,504,"{'FM1':0.28577068,'PE1':0.9422278,'PE2':0.9680577,'PE3':0.9199225,'PE4':0.77340937,'TP1':0.3090438,'TP2':0.741139},","{'FM1':42(504),'PE1':42(505),'PE2':42(506),'PE3':42(507),'PE4':42(508),'TP1':42(509),'TP2':42(510)},","[10319,-2317,-801,-3771,-4252,5273,-28782],","0.28577068,0.9422278,0.9680577,0.9199225,0.77340937,0.3090438,0.741139,"
2020-07-07 09:30:00+00:00,0.268775,-16996,0.93954134,-2686,0.9610949,-6963,0.9147651,-5157,0.7699259,-3483,0.30564117,-3403,0.7921589,51020,1594114200,511,"{'FM1':0.268775,'PE1':0.93954134,'PE2':0.9610949,'PE3':0.9147651,'PE4':0.7699259,'TP1':0.30564117,'TP2':0.7921589},","{'FM1':42(511),'PE1':42(512),'PE2':42(513),'PE3':42(514),'PE4':42(515),'TP1':42(516),'TP2':42(517)},","[-16996,-2686,-6963,-5157,-3483,-3403,51020],","0.268775,0.93954134,0.9610949,0.9147651,0.7699259,0.30564117,0.7921589,"
2020-07-07 10:00:00+00:00,0.26571977,-3055,0.9433123,3771,0.967121,6026,0.92003334,5268,0.77230024,2374,0.3044667,-1174,0.78316,-8999,1594116000,518,"{'FM1':0.26571977,'PE1':0.9433123,'PE2':0.967121,'PE3':0.92003334,'PE4':0.77230024,'TP1':0.3044667,'TP2':0.78316},","{'FM1':42(518),'PE1':42(519),'PE2':42(520),'PE3':42(521),'PE4':42(522),'TP1':42(523),'TP2':42(524)},","[-3055,3771,6026,5268,2374,-1174,-8999],","0.26571977,0.9433123,0.967121,0.92003334,0.77230024,0.3044667,0.78316,"
2020-07-07 10:30:00+00:00,0.28309992,17380,0.93887585,-4436,0.9649768,-2144,0.918308,-1725,0.7728302,530,0.31694058,12474,0.7823963,-764,1594117800,525,"{'FM1':0.28309992,'PE1':0.93887585,'PE2':0.9649768,'PE3':0.918308,'PE4':0.7728302,'TP1':0.31694058,'TP2':0.7823963},","{'FM1':42(525),'PE1':42(526),'PE2':42(527),'PE3':42(528),'PE4':42(529),'TP1':42(530),'TP2':42(531)},","[17380,-4436,-2144,-1725,530,12474,-764],","0.28309992,0.93887585,0.9649768,0.918308,0.7728302,0.31694058,0.7823963,"
2020-07-07 11:00:00+00:00,0.27666584,-6434,0.9381262,-750,0.9613044,-3672,0.91506696,-3241,0.770464,-2366,0.33356744,16627,0.7863855,3989,1594119600,532,"{'FM1':0.27666584,'PE1':0.9381262,'PE2':0.9613044,'PE3':0.91506696,'PE4':0.770464,'TP1':0.33356744,'TP2':0.7863855},","{'FM1':42(532),'PE1':42(533),'PE2':42(534),'PE3':42(535),'PE4':42(536),'TP1':42(537),'TP2':42(538)},","[-6434,-750,-3672,-3241,-2366,16627,3989],","0.27666584,0.9381262,0.9613044,0.91506696,0.770464,0.33356744,0.7863855,"
2020-07-07 11:30:00+00:00,0.25930595,-17360,0.9363783,-1748,0.962734,1430,0.91678005,1713,0.76908386,-1380,0.34427965,10712,0.80302906,16644,1594121300,539,"{'FM1':0.25930595,'PE1':0.9363783,'PE2':0.962734,'PE3':0.91678005,'PE4':0.76908386,'TP1':0.34427965,'TP2':0.80302906},","{'FM1':42(539),'PE1':42(540),'PE2':42(541),'PE3':42(542),'PE4':42(543),'TP1':42(544),'TP2':42(545)},","[-17360,-1748,1430,1713,-1380,10712,16644],","0.25930595,0.9363783,0.962734,0.91678005,0.76908386,0.34427965,0.80302906,"
2020-07-07 12:00:00+00:00,0.26986757,10562,0.9430699,6692,0.96737576,4642,0.9217318,4952,0.7753071,6223,0.33680022,-7479,0.80043703,-2592,1594123300,546,"{'FM1':0.26986757,'PE1':0.9430699,'PE2':0.96737576,'PE3':0.9217318,'PE4':0.7753071,'TP1':0.33680022,'TP2':0.80043703},","{'FM1':42(546),'PE1':42(547),'PE2':42(548),'PE3':42(549),'PE4':42(550),'TP1':42(551),'TP2':42(552)},","[10562,6692,4642,4952,6223,-7479,-2592],","0.26986757,0.9430699,0.96737576,0.9217318,0.7753071,0.33680022,0.80043703,"
2020-07-07 12:30:00+00:00,0.28394973,14082,0.94426113,1191,0.9697214,2346,0.9222474,516,0.7755167,210,0.30731323,-29487,0.77923506,-21202,1594125000,553,"{'FM1':0.28394973,'PE1':0.94426113,'PE2':0.9697214,'PE3':0.9222474,'PE4':0.7755167,'TP1':0.30731323,'TP2':0.77923506},","{'FM1':42(553),'PE1':42(554),'PE2':42(555),'PE3':42(556),'PE4':42(557),'TP1':42(558),'TP2':42(559)},","[14082,1191,2346,516,210,-29487,-21202],","0.28394973,0.94426113,0.9697214,0.9222474,0.7755167,0.30731323,0.77923506,"
2020-07-07 13:00:00+00:00,0.27921522,-4735,0.9384322,-5829,0.9647571,-4964,0.91775346,-4494,0.7696384,-5878,0.31167004,4357,0.81291205,33677,1594126800,560,"{'FM1':0.27921522,'PE1':0.9384322,'PE2':0.9647571,'PE3':0.91775346,'PE4':0.7696384,'TP1':0.31167004,'TP2':0.81291205},","{'FM1':42(560),'PE1':42(561),'PE2':42(562),'PE3':42(563),'PE4':42(564),'TP1':42(565),'TP2':42(566)},","[-4735,-5829,-4964,-4494,-5878,4357,33677],","0.27921522,0.9384322,0.9647571,0.91775346,0.7696384,0.31167004,0.81291205,"
2020-07-07 13:30:00+00:00,0.26175416,-17461,0.93872786,296,0.96389234,-865,0.920403,2650,0.7714355,1797,0.31703272,5363,0.7428437,-70068,1594128600,567,"{'FM1':0.26175416,'PE1':0.93872786,'PE2':0.96389234,'PE3':0.920403,'PE4':0.7714355,'TP1':0.31703272,'TP2':0.7428437},","{'FM1':42(567),'PE1':42(568),'PE2':42(569),'PE3':42(570),'PE4':42(571),'TP1':42(572),'TP2':42(573)},","[-17461,296,-865,2650,1797,5363,-70068],","0.26175416,0.93872786,0.96389234,0.920403,0.7714355,0.31703272,0.7428437,"
2020-07-07 14:00:00+00:00,0.27618024,14426,0.9411002,2372,0.9636665,-226,0.9173715,-3031,0.76942885,-2007,0.3124048,-4628,0.82344764,80604,1594130400,574,"{'FM1':0.27618024,'PE1':0.9411002,'PE2':0.9636665,'PE3':0.9173715,'PE4':0.76942885,'TP1':0.3124048,'TP2':0.82344764},","{'FM1':42(574),'PE1':42(575),'PE2':42(576),'PE3':42(577),'PE4':42(578),'TP1':42(579),'TP2':42(580)},","[14426,2372,-226,-3031,-2007,-4628,80604],","0.27618024,0.9411002,0.9636665,0.9173715,0.76942885,0.3124048,0.82344764,"
2020-07-07 14:30:00+00:00,0.27593747,-243,0.936405,-4695,0.96298045,-686,0.9180493,678,0.770883,1454,0.2887887,-23616,0.70241183,-121036,1594132200,581,"{'FM1':0.27593747,'PE1':0.936405,'PE2':0.96298045,'PE3':0.9180493,'PE4':0.770883,'TP1':0.2887887,'TP2':0.70241183},","{'FM1':42(581),'PE1':42(582),'PE2':42(583),'PE3':42(584),'PE4':42(585),'TP1':42(586),'TP2':42(587)},","[-243,-4695,-686,678,1454,-23616,-121036],","0.27593747,0.936405,0.96298045,0.9180493,0.770883,0.2887887,0.70241183,"
2020-07-07 15:00:00+00:00,0.26646844,-9469,0.945395,8990,0.9699555,6975,0.9228718,4823,0.7742472,3364,0.26260158,-26187,0.7954727,93061,1594134000,588,"{'FM1':0.26646844,'PE1':0.945395,'PE2':0.9699555,'PE3':0.9228718,'PE4':0.7742472,'TP1':0.26260158,'TP2':0.7954727},","{'FM1':42(588),'PE1':42(589),'PE2':42(590),'PE3':42(591),'PE4':42(592),'TP1':42(593),'TP2':42(594)},","[-9469,8990,6975,4823,3364,-26187,93061],","0.26646844,0.945395,0.9699555,0.9228718,0.7742472,0.26260158,0.7954727,"
2020-07-07 15:30:00+00:00,0.27927592,12807,0.9458693,474,0.9671479,-2808,0.9230033,131,0.77414465,-103,0.25,-12602,0.74093723,-54535,1594135800,595,"{'FM1':0.27927592,'PE1':0.9458693,'PE2':0.9671479,'PE3':0.9230033,'PE4':0.77414465,'TP1':0.25,'TP2':0.74093723},","{'FM1':42(595),'PE1':42(596),'PE2':42(597),'PE3':42(598),'PE4':42(599),'TP1':42(600),'TP2':42(601)},","[12807,474,-2808,131,-103,-12602,-54535],","0.27927592,0.9458693,0.9671479,0.9230033,0.77414465,0.25,0.74093723,"
2020-07-07 16:00:00+00:00,0.28710607,7830,0.94098717,-4882,0.9660244,-1123,0.92018116,-2822,0.7735305,-614,0.24332862,-6671,0.75938755,18450,1594137600,602,"{'FM1':0.28710607,'PE1':0.94098717,'PE2':0.9660244,'PE3':0.92018116,'PE4':0.7735305,'TP1':0.24332862,'TP2':0.75938755},","{'FM1':42(602),'PE1':42(603),'PE2':42(604),'PE3':42(605),'PE4':42(606),'TP1':42(607),'TP2':42(608)},","[7830,-4882,-1123,-2822,-614,-6671,18450],","0.28710607,0.94098717,0.9660244,0.92018116,0.7735305,0.24332862,0.75938755,"
2020-07-07 16:30:00+00:00,0.27023172,-16874,0.9471181,6131,0.9680331,2009,0.92326206,3081,0.77656406,3034,0.24155755,-1771,0.6681661,-91221,1594139400,609,"{'FM1':0.27023172,'PE1':0.9471181,'PE2':0.9680331,'PE3':0.92326206,'PE4':0.77656406,'TP1':0.24155755,'TP2':0.6681661},","{'FM1':42(609),'PE1':42(610),'PE2':42(611),'PE3':42(612),'PE4':42(613),'TP1':42(614),'TP2':42(615)},","[-16874,6131,2009,3081,3034,-1771,-91221],","0.27023172,0.9471181,0.9680331,0.92326206,0.77656406,0.24155755,0.6681661,"
2020-07-07 17:00:00+00:00,0.28057963,10348,0.9438365,-3282,0.97085804,2825,0.9255529,2291,0.77807486,1511,0.25249445,10937,0.7167219,48556,1594141200,616,"{'FM1':0.28057963,'PE1':0.9438365,'PE2':0.97085804,'PE3':0.9255529,'PE4':0.77807486,'TP1':0.25249445,'TP2':0.7167219},","{'FM1':42(616),'PE1':42(617),'PE2':42(618),'PE3':42(619),'PE4':42(620),'TP1':42(621),'TP2':42(622)},","[10348,-3282,2825,2291,1511,10937,48556],","0.28057963,0.9438365,0.97085804,0.9255529,0.77807486,0.25249445,0.7167219,"
2020-07-07 17:30:00+00:00,0.2875512,6972,0.9468738,3037,0.9669117,-3946,0.9232744,-2278,0.7760589,-2016,0.24276282,-9732,0.7732386,56517,1594143000,623,"{'FM1':0.2875512,'PE1':0.9468738,'PE2':0.9669117,'PE3':0.9232744,'PE4':0.7760589,'TP1':0.24276282,'TP2':0.7732386},","{'FM1':42(623),'PE1':42(624),'PE2':42(625),'PE3':42(626),'PE4':42(627),'TP1':42(628),'TP2':42(629)},","[6972,3037,-3946,-2278,-2016,-9732,56517],","0.2875512,0.9468738,0.9669117,0.9232744,0.7760589,0.24276282,0.7732386,"
2020-07-07 18:00:00+00:00,0.26464745,-22904,0.94274753,-4126,0.9680577,1146,0.92314494,-129,0.7745185,-1540,0.22661304,-16150,0.74282557,-30413,1594144800,630,"{'FM1':0.26464745,'PE1':0.94274753,'PE2':0.9680577,'PE3':0.92314494,'PE4':0.7745185,'TP1':0.22661304,'TP2':0.74282557},","{'FM1':42(630),'PE1':42(631),'PE2':42(632),'PE3':42(633),'PE4':42(634),'TP1':42(635),'TP2':42(636)},","[-22904,-4126,1146,-129,-1540,-16150,-30413],","0.26464745,0.94274753,0.9680577,0.92314494,0.7745185,0.22661304,0.74282557,"
2020-07-07 18:30:00+00:00,0.27800122,13354,0.94975746,7010,0.9743427,6285,0.92713773,3993,0.77904326,4525,0.21086927,-15744,0.735463,-7363,1594146600,637,"{'FM1':0.27800122,'PE1':0.94975746,'PE2':0.9743427,'PE3':0.92713773,'PE4':0.77904326,'TP1':0.21086927,'TP2':0.735463},","{'FM1':42(637),'PE1':42(638),'PE2':42(639),'PE3':42(640),'PE4':42(641),'TP1':42(642),'TP2':42(643)},","[13354,7010,6285,3993,4525,-15744,-7363],","0.27800122,0.94975746,0.9743427,0.92713773,0.77904326,0.21086927,0.735463,"
2020-07-07 19:00:00+00:00,0,-278001,0.9595422,9785,0.47826764,-496075,0.9360414,8904,0.7869774,7934,0.19746703,-13402,0.74720967,11747,1594148400,644,"{'FM1':0,'PE1':0.9595422,'PE2':0.47826764,'PE3':0.9360414,'PE4':0.7869774,'TP1':0.19746703,'TP2':0.74720967},","{'FM1':42(644),'PE1':42(645),'PE2':42(646),'PE3':42(647),'PE4':42(648),'TP1':42(649),'TP2':42(650)},","[-278001,9785,-496075,8904,7934,-13402,11747],","0,0.9595422,0.47826764,0.9360414,0.7869774,0.19746703,0.74720967,"
2020-07-07 19:30:00+00:00,0.7071429,707143,0.9463069,-13235,0.7404893,262222,0.8933654,-42676,0.75599635,-30981,0.15854524,-38922,0.7171217,-30088,1594150100,651,"{'FM1':0.7071429,'PE1':0.9463069,'PE2':0.7404893,'PE3':0.8933654,'PE4':0.75599635,'TP1':0.15854524,'TP2':0.7171217},","{'FM1':42(651),'PE1':42(652),'PE2':42(653),'PE3':42(654),'PE4':42(655),'TP1':42(656),'TP2':42(657)},","[707143,-13235,262222,-42676,-30981,-38922,-30088],","0.7071429,0.9463069,0.7404893,0.8933654,0.75599635,0.15854524,0.7171217,"
2020-07-07 20:00:00+00:00,0.81542975,108287,0.9284009,-17906,0.95590675,215417,0.023603452,-869762,0,-755996,0.14845076,-10094,0.7276023,10481,1594152000,658,"{'FM1':0.81542975,'PE1':0.9284009,'PE2':0.95590675,'PE3':0.023603452,'PE4':0,'TP1':0.14845076,'TP2':0.7276023},","{'FM1':42(658),'PE1':42(659),'PE2':42(660),'PE3':42(661),'PE4':42(662),'TP1':42(663),'TP2':42(664)},","[108287,-17906,215417,-869762,-755996,-10094,10481],","0.81542975,0.9284009,0.95590675,0.023603452,0,0.14845076,0.7276023,"
2020-07-07 20:30:00+00:00,0.78289515,-32535,0.93227047,3870,0.96249986,6593,0.9062598,882656,0.8398572,839857,0.14688796,-1563,0.7030749,-24527,1594153900,665,"{'FM1':0.78289515,'PE1':0.93227047,'PE2':0.96249986,'PE3':0.9062598,'PE4':0.8398572,'TP1':0.14688796,'TP2':0.7030749},","{'FM1':42(665),'PE1':42(666),'PE2':42(667),'PE3':42(668),'PE4':42(669),'TP1':42(670),'TP2':42(671)},","[-32535,3870,6593,882656,839857,-1563,-24527],","0.78289515,0.93227047,0.96249986,0.9062598,0.8398572,0.14688796,0.7030749,"
2020-07-07 21:00:00+00:00,0.7513317,-31563,0.9299044,-2366,0.9578539,-4646,0.90507686,-1183,0.8352113,-4646,0.15073404,3846,0.7007422,-2333,1594155600,672,"{'FM1':0.7513317,'PE1':0.9299044,'PE2':0.9578539,'PE3':0.90507686,'PE4':0.8352113,'TP1':0.15073404,'TP2':0.7007422},","{'FM1':42(672),'PE1':42(673),'PE2':42(674),'PE3':42(675),'PE4':42(676),'TP1':42(677),'TP2':42(678)},","[-31563,-2366,-4646,-1183,-4646,3846,-2333],","0.7513317,0.9299044,0.9578539,0.90507686,0.8352113,0.15073404,0.7007422,"
2020-07-07 21:30:00+00:00,0.70216554,-49166,0.9252051,-4699,0.95299846,-4855,0.90038985,-4687,0.8320976,-3114,0.15437213,3638,0.7211645,20422,1594157400,679,"{'FM1':0.70216554,'PE1':0.9252051,'PE2':0.95299846,'PE3':0.90038985,'PE4':0.8320976,'TP1':0.15437213,'TP2':0.7211645},","{'FM1':42(679),'PE1':42(680),'PE2':42(681),'PE3':42(682),'PE4':42(683),'TP1':42(684),'TP2':42(685)},","[-49166,-4699,-4855,-4687,-3114,3638,20422],","0.70216554,0.9252051,0.95299846,0.90038985,0.8320976,0.15437213,0.7211645,"
2020-07-07 22:00:00+00:00,0.69773453,-4431,0.9298058,4601,0.9571022,4104,0.90480167,4412,0.834098,2000,0.16997571,15604,0.72937053,8206,1594159200,686,"{'FM1':0.69773453,'PE1':0.9298058,'PE2':0.9571022,'PE3':0.90480167,'PE4':0.834098,'TP1':0.16997571,'TP2':0.72937053},","{'FM1':42(686),'PE1':42(687),'PE2':42(688),'PE3':42(689),'PE4':42(690),'TP1':42(691),'TP2':42(692)},","[-4431,4601,4104,4412,2000,15604,8206],","0.69773453,0.9298058,0.9571022,0.90480167,0.834098,0.16997571,0.72937053,"
2020-07-07 22:30:00+00:00,0.6897829,-7952,0.9296703,-136,0.9573734,271,0.90454274,-259,0.83380634,-292,0.14223696,-27739,0.64169997,-87671,1594161000,693,"{'FM1':0.6897829,'PE1':0.9296703,'PE2':0.9573734,'PE3':0.90454274,'PE4':0.83380634,'TP1':0.14223696,'TP2':0.64169997},","{'FM1':42(693),'PE1':42(694),'PE2':42(695),'PE3':42(696),'PE4':42(697),'TP1':42(698),'TP2':42(699)},","[-7952,-136,271,-259,-292,-27739,-87671],","0.6897829,0.9296703,0.9573734,0.90454274,0.83380634,0.14223696,0.64169997,"
,,"{291841,-1457,-10926,9469,10683,-3278,-22216,5827,15762,1113,-18574,6798,8498,-17259,-465,11695,81,-9611,12888,15539,-9105,-22337,2145,4492,12423,-6798,-16652,8640,-1700,-9590,11047,-1942,-6070,17845,-10440,-8336,11735,-7162,-11715,18392,-3298,-10299,769,14649,-2428,-7527,17967,-9469,-7769,10845,8801,-15640,4249,14811,-20557,-1173,20759,-7041,-23187,6556,10562,8619,-33142,8255,8255,-1457,-2428,18331,486,-22580,-2064,10319,10319,-16996,-3055,17380,-6434,-17360,10562,14082,-4735,-17461,14426,-243,-9469,12807,7830,-16874,10348,6972,-22904,13354,-278001,707143,108287,-32535,-31563,-49166,-4431,-7952}", ,"{944212,3759,-3833,6199,-111,-4387,616,493,4560,-2742,-3765,-1011,-949,5521,-4586,1629,-2697,-1247,1282,-1454,-899,-185,-986,1688,345,-1898,-8454,-5854,-468,3130,-3958,3746,142,2621,-4313,2378,-591,2847,-3968,-2637,1306,5449,-1296,-1709,-312,4128,-1183,3512,5102,-5940,5854,-2674,-2502,3549,-924,-2391,444,2810,-5163,160,-4089,10313,-4239,2539,4067,382,-4288,3734,-3709,986,2343,4114,-2317,-2686,3771,-4436,-750,-1748,6692,1191,-5829,296,2372,-4695,8990,474,-4882,6131,-3282,3037,-4126,7010,9785,-13235,-17906,3870,-2366,-4699,4601,-136}", ,"{969845,1614,-2465,7259,-505,-986,-3849,1508,4436,-2810,-3270,-1271,-4972,9908,-5780,21,-3483,914,1341,-1245,-2695,-1323,2871,-415,1376,-2107,-10247,-8152,6038,961,-2440,961,2541,442,-1530,-2056,-542,3574,-937,-3475,3970,530,1378,-5018,3108,4502,-1271,417,6642,-3522,1982,-409,-2487,6568,-4609,-2305,2910,23,-5989,2453,-2588,6568,-2452,2588,3746,-1787,-1910,3364,-2329,2181,394,3155,-801,-6963,6026,-2144,-3672,1430,4642,2346,-4964,-865,-226,-686,6975,-2808,-1123,2009,2825,-3946,1146,6285,-496075,262222,215417,6593,-4646,-4855,4104,271}", ,"{909817,3759,-1060,3475,197,-1282,-2943,-853,3266,2021,-6028,-676,-1245,4079,-4299,3276,-2662,-661,-209,10,-1218,460,-440,185,-136,-407,11251,386,3902,1810,-4077,4264,-2033,2081,926,-2403,-791,3340,-1588,-3124,629,4627,-41,-2769,2099,131,-4167,1738,6394,-6156,4003,333,-4042,4856,-3089,-694,3142,614,-5174,-246,-2775,7088,-2058,1885,-6236,-1713,-1996,3032,-2194,127,3520,2452,-3771,-5157,5268,-1725,-3241,1713,4952,516,-4494,2650,-3031,678,4823,131,-2822,3081,2291,-2278,-129,3993,8904,-42676,-869762,882656,-1183,-4687,4412,-259}", ,"{752879,863,-555,3512,-135,-493,-3993,-863,4165,1824,-6408,-444,-2514,3672,-3374,2117,-1056,-2460,766,667,-2319,64,-895,-1187,2070,-2379,68950,12566,2602,692,-1651,1298,-2580,3882,-1491,-1970,614,1805,-573,-3327,-296,3968,-444,-1900,3046,-8417,-13400,2161,5422,-5866,3894,-138,-4151,5348,-3264,-185,2487,-84,-4414,-255,-5229,8532,-3200,637,-28557,-7998,-1900,4303,-2785,25,2465,3512,-4252,-3483,2374,530,-2366,-1380,6223,210,-5878,1797,-2007,1454,3364,-103,-614,3034,1511,-2016,-1540,4525,7934,-30981,-755996,839857,-4646,-3114,2000,-292}", ,"{128703,-11130,-6330,-8778,-9263,-2292,979,-5585,-5666,5782,4811,-15081,-16651,-8586,-4473,-6475,9214,17448,2449,11427,28345,51385,42569,22502,32974,43795,70055,48168,56336,24131,-10019,16896,37305,12972,19225,51179,39645,28962,-888,-14253,-20770,-16463,-28504,-49835,-57110,-76137,-42063,-32982,-25728,-35449,-26189,-22334,-17843,-7128,-10790,-2106,-5108,-7604,-6778,1699,1452,1176,10316,-8496,-12066,-24443,2978,26512,36835,37919,24608,14415,5273,-3403,-1174,12474,16627,10712,-7479,-29487,4357,5363,-4628,-23616,-26187,-12602,-6671,-1771,10937,-9732,-16150,-15744,-13402,-38922,-10094,-1563,3846,3638,15604,-27739}", ,"{729592,-5687,-3234,-4485,-4733,-1171,-92050,57297,16794,1194,-65560,13428,50209,-82197,62671,-38192,11188,37551,-13773,19423,-7840,35592,37,14105,49102,6349,42283,14373,23718,51166,-37636,15666,9466,4099,-8753,55788,4135,689,6384,33011,-6280,-98661,56977,-29775,-49174,-28487,-17577,6921,-29610,-28760,-39495,7216,-9935,-8400,-26614,8054,56591,-2999,-55516,27284,30331,-4172,532,-52564,52440,-58808,18228,31750,-20142,32078,17379,-8890,-28782,51020,-8999,-764,3989,16644,-2592,-21202,33677,-70068,80604,-121036,93061,-54535,18450,-91221,48556,56517,-30413,-7363,11747,-30088,10481,-24527,-2333,20422,8206,-87671}", ,700,,"{'FM1':42(700),'PE1':42(701),'PE2':42(702),'PE3':42(703),'PE4':42(704),'TP1':42(705),'TP2':42(706)},",,", , , , , , ,"
